Time (%),Total Time (ns),Num Calls,Avg (ns),Med (ns),Min (ns),Max (ns),StdDev (ns),Name
53.7,567930344,1608,353190.5,2696.0,304,77662375,2492504.9,cudaStreamSynchronize
30.1,318096377,753,422438.7,9542.0,3473,29535358,1339705.6,cudaMemcpyAsync
9.4,99994504,14,7142464.6,54790.0,38478,99019041,26443921.1,cudaMemGetInfo
2.2,23565850,63,374061.1,349461.0,308010,727595,93527.5,cudaGraphLaunch
1.9,20216581,3,6738860.3,5324598.0,634114,14257869,6921111.1,cudaMalloc
1.4,15191789,3916,3879.4,2976.5,584,1293796,21613.1,cudaLaunchKernel
0.7,6922847,3,2307615.7,871106.0,801504,5250237,2548622.4,cudaMallocHost
0.4,4385076,2,2192538.0,2192538.0,852225,3532851,1895488.8,cudaGraphInstantiate
0.0,395380,2,197690.0,197690.0,118686,276694,111728.5,cuMemSetAccess
0.0,389471,1,389471.0,389471.0,389471,389471,0.0,cudaFreeHost
0.0,372121,1,372121.0,372121.0,372121,372121,0.0,cudaGraphExecDestroy
0.0,261384,2,130692.0,130692.0,98759,162625,45160.1,cuMemCreate
0.0,203731,1,203731.0,203731.0,203731,203731,0.0,cudaGraphDestroy
0.0,108525,51,2127.9,993.0,386,9646,2612.8,cudaGetDeviceProperties
0.0,99774,4,24943.5,21473.5,13541,43286,13477.0,cudaMemsetAsync
0.0,89212,2,44606.0,44606.0,7784,81428,52074.2,cudaGraphExecUpdate
0.0,51992,1,51992.0,51992.0,51992,51992,0.0,cuMemAddressReserve
0.0,43164,2,21582.0,21582.0,18958,24206,3710.9,cudaStreamEndCapture
0.0,31059,2,15529.5,15529.5,12947,18112,3652.2,cudaStreamCreateWithFlags
0.0,10205,2,5102.5,5102.5,2929,7276,3073.8,cudaStreamBeginCapture
0.0,8775,2,4387.5,4387.5,3543,5232,1194.3,cuMemMap
0.0,4809,1,4809.0,4809.0,4809,4809,0.0,cudaStreamDestroy
0.0,2460,1,2460.0,2460.0,2460,2460,0.0,cuModuleGetLoadingMode
0.0,403,1,403.0,403.0,403,403,0.0,cuMemGetAllocationGranularity
0.0,372,2,186.0,186.0,186,186,0.0,cuMemRelease
