Time (%),Total Time (ns),Instances,Avg (ns),Med (ns),Min (ns),Max (ns),StdDev (ns),Name
52.0,219888814,4980,44154.4,36547.0,11105,803817,47646.2,"void mul_mat_vec_q<(ggml_type)12, (int)1, (bool)1, (bool)0, (bool)0>(const void *, const void *, const int *, ggml_cuda_mm_fusion_args_device, float *, unsigned int, uint3, unsigned int, unsigned int, unsigned int, uint3, unsigned int, unsigned int, unsigned int, uint3, unsigned int, unsigned int, unsigned int, unsigned int)"
13.7,57812714,1011,57183.7,52677.0,52261,936885,49718.3,"void mul_mat_vec_q<(ggml_type)14, (int)1, (bool)1, (bool)0, (bool)0>(const void *, const void *, const int *, ggml_cuda_mm_fusion_args_device, float *, unsigned int, uint3, unsigned int, unsigned int, unsigned int, uint3, unsigned int, unsigned int, unsigned int, uint3, unsigned int, unsigned int, unsigned int, unsigned int)"
9.6,40488396,5103,7934.2,4033.0,3648,749220,21739.3,"void mul_mat_vec_q<(ggml_type)12, (int)1, (bool)0, (bool)0, (bool)0>(const void *, const void *, const int *, ggml_cuda_mm_fusion_args_device, float *, unsigned int, uint3, unsigned int, unsigned int, unsigned int, uint3, unsigned int, unsigned int, unsigned int, uint3, unsigned int, unsigned int, unsigned int, unsigned int)"
9.3,39125814,1074,36430.0,5217.0,4832,1039486,127367.6,"void mul_mat_vec_q<(ggml_type)14, (int)1, (bool)0, (bool)0, (bool)0>(const void *, const void *, const int *, ggml_cuda_mm_fusion_args_device, float *, unsigned int, uint3, unsigned int, unsigned int, unsigned int, uint3, unsigned int, unsigned int, unsigned int, uint3, unsigned int, unsigned int, unsigned int, unsigned int)"
3.1,13229125,4290,3083.7,2881.0,2656,342271,6966.3,"void rms_norm_f32<(int)1024, (bool)1, (bool)0, (bool)0>(const float *, float *, int, long, long, long, float, const float *, long, long, long, uint3, uint3, uint3, uint3, const float *, long, long, long, uint3, uint3, uint3, uint3, float)"
3.1,13065667,12610,1036.1,1056.0,928,8769,83.2,"quantize_q8_1(const float *, void *, long, long, long, long, long, unsigned int, uint3)"
1.9,8192874,380,21560.2,11585.0,3712,306332,24474.7,"void mul_mat_vec_q<(ggml_type)12, (int)2, (bool)0, (bool)0, (bool)0>(const void *, const void *, const int *, ggml_cuda_mm_fusion_args_device, float *, unsigned int, uint3, unsigned int, unsigned int, unsigned int, uint3, unsigned int, unsigned int, unsigned int, uint3, unsigned int, unsigned int, unsigned int, unsigned int)"
1.8,7662001,2016,3800.6,3584.0,3328,455497,10066.1,"void flash_attn_ext_vec<(int)128, (int)1, (ggml_type)1, (ggml_type)1, (bool)0>(const char *, const char *, const char *, const char *, const char *, const int *, float *, float2 *, float, float, float, float, unsigned int, float, int, uint3, int, int, int, int, int, int, int, int, int, int, int, long, int, int, long, int, int, int, int, int, long)"
1.2,5107438,190,26881.3,18353.5,6721,52389,16842.2,"void mul_mat_q<(ggml_type)12, (int)48, (bool)0, (ggml_prec)30>(const char *, const int *, const int *, const int *, float *, float *, const float *, uint3, int, int, int, int, int, uint3, uint3, int, int, int, uint3, uint3, int, int, int, uint3)"
1.2,4993630,4224,1182.2,1088.0,992,345023,5292.3,"void k_set_rows<float, long, __half>(const T1 *, const T2 *, T3 *, long, long, long, long, long, long, long, long, long, long, long, long, long, long, uint3, uint3, uint3, uint3, uint3)"
1.1,4704564,4224,1113.8,1119.0,960,2720,145.5,"void rope_norm<(bool)1, (bool)1, float, float>(const T3 *, T4 *, int, int, int, int, int, int, int, int, int, int, int, const int *, float, float, float, rope_corr_dims, float, const float *, const long *, int, bool)"
0.6,2515989,2016,1248.0,1248.0,1152,1409,50.1,"void flash_attn_combine_results<(int)128>(const float *, const float2 *, float *, int)"
0.4,1822219,62,29390.6,7617.0,4960,76039,25315.7,"void mul_mat_vec_q<(ggml_type)14, (int)2, (bool)0, (bool)0, (bool)0>(const void *, const void *, const int *, ggml_cuda_mm_fusion_args_device, float *, unsigned int, uint3, unsigned int, unsigned int, unsigned int, uint3, unsigned int, unsigned int, unsigned int, uint3, unsigned int, unsigned int, unsigned int, unsigned int)"
0.3,1237967,31,39934.4,10337.0,8320,74534,32232.6,"void mul_mat_q<(ggml_type)14, (int)48, (bool)0, (ggml_prec)30>(const char *, const int *, const int *, const int *, float *, float *, const float *, uint3, int, int, int, int, int, uint3, uint3, int, int, int, uint3, uint3, int, int, int, uint3)"
0.2,807907,190,4252.1,3553.0,3456,6529,1217.8,"void mul_mat_q_stream_k_fixup<(ggml_type)12, (int)48, (bool)0, (ggml_prec)30>(const int *, const int *, float *, float *, uint3, int, int, int, uint3, int, uint3, int, uint3)"
0.1,380003,32,11875.1,12209.0,8417,12769,944.1,"void flash_attn_ext_f16<(int)128, (int)128, (int)16, (int)4, (bool)0, (bool)0, (bool)0>(const char *, const char *, const char *, const char *, const char *, const int *, float *, float2 *, float, float, float, float, unsigned int, float, int, uint3, int, int, int, int, int, int, int, int, int, int, int, long, int, int, long, int, int, int, int, int, long)"
0.1,346719,252,1375.9,1248.0,1056,2272,335.8,"void k_bin_bcast<&op_add, float, float, float, const float *>(const T2 *, const T3 *, T4 *, unsigned int, unsigned int, unsigned int, uint3, uint3, uint3, uint3, uint3, unsigned int, unsigned int, unsigned int, unsigned int, unsigned int, unsigned int, unsigned int, unsigned int, unsigned int, unsigned int, unsigned int, T5...)"
0.1,296156,64,4627.4,4480.0,4352,6624,495.2,"void flash_attn_ext_f16<(int)128, (int)128, (int)2, (int)4, (bool)0, (bool)0, (bool)0>(const char *, const char *, const char *, const char *, const char *, const int *, float *, float2 *, float, float, float, float, unsigned int, float, int, uint3, int, int, int, int, int, int, int, int, int, int, int, long, int, int, long, int, int, int, int, int, long)"
0.1,281087,190,1479.4,1440.0,1408,1921,126.3,"void quantize_mmq_q8_1<(mmq_q8_1_ds_layout)1, (bool)0>(const float *, const int *, void *, long, long, long, long, long, int, int, int)"
0.0,164593,132,1246.9,1248.0,1120,1440,69.9,"void k_get_rows_float<float, float>(const T1 *, const int *, T2 *, long, long, uint3, unsigned long, unsigned long, unsigned long, unsigned long, unsigned long, unsigned long, unsigned long, unsigned long, unsigned long)"
0.0,158601,93,1705.4,1056.0,1024,3104,916.6,"void unary_gated_op_kernel<&op_silu, float>(const T2 *, const T2 *, T2 *, long, long, long, long)"
0.0,155599,31,5019.3,6304.0,3552,6497,1419.3,"void mul_mat_q_stream_k_fixup<(ggml_type)14, (int)48, (bool)0, (ggml_prec)30>(const int *, const int *, float *, float *, uint3, int, int, int, uint3, int, uint3, int, uint3)"
0.0,72457,32,2264.3,2272.0,2240,2304,19.8,"void flash_attn_stream_k_fixup_uniform<(int)128, (int)16, (int)4>(float *, const float2 *, int, int, int, int, int, int, uint3, uint3, uint3)"
0.0,63109,64,986.1,1024.0,896,1217,73.5,"void flash_attn_stream_k_fixup_uniform<(int)128, (int)2, (int)4>(float *, const float2 *, int, int, int, int, int, int, uint3, uint3, uint3)"
0.0,51335,31,1656.0,1472.0,1408,1920,226.8,"void quantize_mmq_q8_1<(mmq_q8_1_ds_layout)0, (bool)0>(const float *, const int *, void *, long, long, long, long, long, int, int, int)"
